[{"_allAttributes":null,"_properties":null,"_methods":null,"file":"c:/Users/a.f.silva/Desktop/slackSfmcButler-customApp/src/client/modules/common/alert/alert.js","metadata":{"decorators":[{"type":"api","targets":[{"type":"property","name":"alertPayload"}]},{"type":"track","targets":[{"name":"privateAlert","type":"property"}]}],"declarationLoc":{"start":{"line":3,"column":0},"end":{"line":35,"column":1}},"classMembers":[{"type":"property","name":"visible","loc":{"start":{"line":4,"column":4},"end":{"line":4,"column":20}}},{"type":"property","name":"privateAlert","loc":{"start":{"line":5,"column":4},"end":{"line":5,"column":29}},"decorator":"track"},{"type":"property","name":"alertPayload","loc":{"start":{"line":6,"column":4},"end":{"line":9,"column":5}},"decorator":"api"},{"type":"method","name":"handleDismiss","loc":{"start":{"line":23,"column":4},"end":{"line":27,"column":5}}},{"type":"method","name":"handleShow","loc":{"start":{"line":29,"column":4},"end":{"line":31,"column":5}}},{"type":"method","name":"logSomething","loc":{"start":{"line":32,"column":4},"end":{"line":34,"column":5}}}],"exports":[{"type":"ExportDefaultDeclaration"}]},"updatedAt":"2021-09-13T15:24:40.687Z"},{"_allAttributes":null,"_properties":null,"_methods":null,"file":"c:/Users/a.f.silva/Desktop/slackSfmcButler-customApp/src/client/modules/common/datapicker/datapicker.js","metadata":{"decorators":[{"type":"track","targets":[{"name":"alert","type":"property"},{"name":"status","type":"property"},{"name":"isLoading","type":"property"},{"name":"nestedItems","type":"property"},{"name":"keyvalueItems","type":"property"}]}],"declarationLoc":{"start":{"line":3,"column":0},"end":{"line":171,"column":1}},"classMembers":[{"type":"property","name":"alert","loc":{"start":{"line":4,"column":4},"end":{"line":4,"column":22}},"decorator":"track"},{"type":"property","name":"status","loc":{"start":{"line":5,"column":4},"end":{"line":5,"column":23}},"decorator":"track"},{"type":"property","name":"isLoading","loc":{"start":{"line":6,"column":4},"end":{"line":6,"column":29}},"decorator":"track"},{"type":"property","name":"nestedItems","loc":{"start":{"line":7,"column":4},"end":{"line":7,"column":28}},"decorator":"track"},{"type":"property","name":"keyvalueItems","loc":{"start":{"line":8,"column":4},"end":{"line":8,"column":30}},"decorator":"track"},{"type":"method","name":"connectedCallback","loc":{"start":{"line":10,"column":4},"end":{"line":45,"column":5}}},{"type":"property","name":"computedPanelClass","loc":{"start":{"line":47,"column":4},"end":{"line":56,"column":5}}},{"type":"method","name":"createNestedStructure","loc":{"start":{"line":58,"column":4},"end":{"line":141,"column":5}}},{"type":"method","name":"handleClick","loc":{"start":{"line":143,"column":4},"end":{"line":170,"column":5}}}],"exports":[{"type":"ExportDefaultDeclaration"}]},"updatedAt":"2021-09-13T15:24:40.687Z"},{"_allAttributes":null,"_properties":null,"_methods":null,"file":"c:/Users/a.f.silva/Desktop/slackSfmcButler-customApp/src/client/modules/common/illustrationdesert/illustrationdesert.js","metadata":{"decorators":[{"type":"api","targets":[{"type":"property","name":"type","value":{"type":"unresolved"}},{"type":"property","name":"size"}]}],"declarationLoc":{"start":{"line":3,"column":0},"end":{"line":16,"column":1}},"classMembers":[{"type":"property","name":"type","loc":{"start":{"line":4,"column":4},"end":{"line":4,"column":14}},"decorator":"api","value":{"type":"unresolved"}},{"type":"property","name":"privateSize","loc":{"start":{"line":5,"column":4},"end":{"line":5,"column":44}}},{"type":"property","name":"size","loc":{"start":{"line":6,"column":4},"end":{"line":12,"column":5}},"decorator":"api"}],"exports":[{"type":"ExportDefaultDeclaration"}]},"updatedAt":"2021-09-13T15:24:40.687Z"},{"_allAttributes":null,"_properties":null,"_methods":null,"file":"c:/Users/a.f.silva/Desktop/slackSfmcButler-customApp/src/client/modules/common/modal/modal.js","metadata":{"decorators":[{"type":"api","targets":[{"type":"property","name":"title","value":{"type":"unresolved"}},{"type":"property","name":"canclose","value":{"type":"boolean","value":false}}]}],"declarationLoc":{"start":{"line":3,"column":0},"end":{"line":22,"column":1}},"classMembers":[{"type":"property","name":"title","loc":{"start":{"line":4,"column":4},"end":{"line":4,"column":15}},"decorator":"api","value":{"type":"unresolved"}},{"type":"property","name":"canclose","loc":{"start":{"line":5,"column":4},"end":{"line":5,"column":26}},"decorator":"api","value":{"type":"boolean","value":false}},{"type":"method","name":"handleClose","loc":{"start":{"line":6,"column":4},"end":{"line":13,"column":5}}},{"type":"method","name":"handleSave","loc":{"start":{"line":14,"column":4},"end":{"line":21,"column":5}}}],"exports":[{"type":"ExportDefaultDeclaration"}]},"updatedAt":"2021-09-13T15:24:40.703Z"},{"_allAttributes":null,"_properties":null,"_methods":null,"file":"c:/Users/a.f.silva/Desktop/slackSfmcButler-customApp/src/client/modules/common/notfound/notfound.js","metadata":{"decorators":[],"declarationLoc":{"start":{"line":3,"column":0},"end":{"line":3,"column":57}},"classMembers":[],"exports":[{"type":"ExportDefaultDeclaration"}]},"updatedAt":"2021-09-13T15:24:40.703Z"},{"_allAttributes":null,"_properties":null,"_methods":null,"file":"c:/Users/a.f.silva/Desktop/slackSfmcButler-customApp/src/client/modules/common/savemodal/savemodal.js","metadata":{"decorators":[{"type":"api","targets":[{"type":"property","name":"title","value":{"type":"unresolved"}}]}],"declarationLoc":{"start":{"line":3,"column":0},"end":{"line":21,"column":1}},"classMembers":[{"type":"property","name":"title","loc":{"start":{"line":4,"column":4},"end":{"line":4,"column":15}},"decorator":"api","value":{"type":"unresolved"}},{"type":"method","name":"handleClose","loc":{"start":{"line":5,"column":4},"end":{"line":12,"column":5}}},{"type":"method","name":"handleSave","loc":{"start":{"line":13,"column":4},"end":{"line":20,"column":5}}}],"exports":[{"type":"ExportDefaultDeclaration"}]},"updatedAt":"2021-09-13T15:24:40.703Z"},{"_allAttributes":null,"_properties":null,"_methods":null,"file":"c:/Users/a.f.silva/Desktop/slackSfmcButler-customApp/src/client/modules/common/schemapicker/schemapicker.js","metadata":{"decorators":[{"type":"api","targets":[{"type":"property","name":"journeymodel","value":{"type":"unresolved"}},{"type":"property","name":"contactmodel","value":{"type":"unresolved"}}]},{"type":"track","targets":[{"name":"consolidatedmodel","type":"property"}]}],"declarationLoc":{"start":{"line":3,"column":0},"end":{"line":199,"column":1}},"classMembers":[{"type":"property","name":"consolidatedmodel","loc":{"start":{"line":4,"column":4},"end":{"line":4,"column":34}},"decorator":"track"},{"type":"property","name":"journeymodel","loc":{"start":{"line":5,"column":4},"end":{"line":5,"column":22}},"decorator":"api","value":{"type":"unresolved"}},{"type":"property","name":"contactmodel","loc":{"start":{"line":6,"column":4},"end":{"line":6,"column":22}},"decorator":"api","value":{"type":"unresolved"}},{"type":"method","name":"connectedCallback","loc":{"start":{"line":8,"column":4},"end":{"line":12,"column":5}}},{"type":"method","name":"parseContactModel","loc":{"start":{"line":14,"column":4},"end":{"line":49,"column":5}}},{"type":"method","name":"parseJourneyModel","loc":{"start":{"line":50,"column":4},"end":{"line":120,"column":5}}},{"type":"method","name":"parseContext","loc":{"start":{"line":121,"column":4},"end":{"line":177,"column":5}}},{"type":"method","name":"handleClick","loc":{"start":{"line":179,"column":4},"end":{"line":198,"column":5}}}],"exports":[{"type":"ExportDefaultDeclaration"}]},"updatedAt":"2021-09-13T15:24:40.703Z"},{"_allAttributes":null,"_properties":null,"_methods":null,"file":"c:/Users/a.f.silva/Desktop/slackSfmcButler-customApp/src/client/modules/common/splitview/splitview.js","metadata":{"decorators":[{"type":"track","targets":[{"name":"isPanelClosed","type":"property"}]}],"declarationLoc":{"start":{"line":3,"column":0},"end":{"line":26,"column":1}},"classMembers":[{"type":"property","name":"isPanelClosed","loc":{"start":{"line":4,"column":4},"end":{"line":4,"column":33}},"decorator":"track"},{"type":"property","name":"computedMainClass","loc":{"start":{"line":5,"column":4},"end":{"line":14,"column":5}}},{"type":"method","name":"togglePanel","loc":{"start":{"line":16,"column":4},"end":{"line":18,"column":5}}},{"type":"method","name":"handleOpenPanel","loc":{"start":{"line":19,"column":4},"end":{"line":21,"column":5}}},{"type":"method","name":"handleClosePanel","loc":{"start":{"line":22,"column":4},"end":{"line":25,"column":5}}}],"exports":[{"type":"ExportDefaultDeclaration"}]},"updatedAt":"2021-09-13T15:24:40.719Z"},{"_allAttributes":null,"_properties":null,"_methods":null,"file":"c:/Users/a.f.silva/Desktop/slackSfmcButler-customApp/src/client/modules/common/toast/toast.js","metadata":{"decorators":[{"type":"api","targets":[{"type":"method","name":"showToastEvent"}]}],"declarationLoc":{"start":{"line":8,"column":0},"end":{"line":43,"column":1}},"classMembers":[{"type":"property","name":"title","loc":{"start":{"line":9,"column":4},"end":{"line":9,"column":10}}},{"type":"property","name":"message","loc":{"start":{"line":10,"column":4},"end":{"line":10,"column":12}}},{"type":"property","name":"variant","loc":{"start":{"line":11,"column":4},"end":{"line":11,"column":12}}},{"type":"property","name":"mode","loc":{"start":{"line":12,"column":4},"end":{"line":12,"column":9}}},{"type":"property","name":"isVisible","loc":{"start":{"line":13,"column":4},"end":{"line":13,"column":14}}},{"type":"property","name":"timer","loc":{"start":{"line":14,"column":4},"end":{"line":14,"column":10}}},{"type":"method","name":"showToastEvent","loc":{"start":{"line":16,"column":4},"end":{"line":29,"column":5}},"decorator":"api"},{"type":"method","name":"clearToast","loc":{"start":{"line":31,"column":4},"end":{"line":36,"column":5}}},{"type":"property","name":"icon","loc":{"start":{"line":37,"column":4},"end":{"line":39,"column":5}}},{"type":"property","name":"variantClass","loc":{"start":{"line":40,"column":4},"end":{"line":42,"column":5}}}],"exports":[{"type":"ExportNamedDeclaration","value":"showToastEvent"},{"type":"ExportDefaultDeclaration"}]},"updatedAt":"2021-09-13T15:24:40.719Z"},{"_allAttributes":null,"_properties":null,"_methods":null,"file":"c:/Users/a.f.silva/Desktop/slackSfmcButler-customApp/src/client/modules/common/welcomemat/welcomemat.js","metadata":{"decorators":[],"declarationLoc":{"start":{"line":3,"column":0},"end":{"line":3,"column":59}},"classMembers":[],"exports":[{"type":"ExportDefaultDeclaration"}]},"updatedAt":"2021-09-13T15:24:40.729Z"},{"_allAttributes":null,"_properties":null,"_methods":null,"file":"c:/Users/a.f.silva/Desktop/slackSfmcButler-customApp/src/client/modules/common/welcomemattile/welcomemattile.js","metadata":{"decorators":[{"type":"api","targets":[{"type":"property","name":"title","value":{"type":"unresolved"}},{"type":"property","name":"name","value":{"type":"unresolved"}},{"type":"property","name":"description","value":{"type":"unresolved"}},{"type":"property","name":"iconName","value":{"type":"unresolved"}}]}],"declarationLoc":{"start":{"line":3,"column":0},"end":{"line":20,"column":1}},"classMembers":[{"type":"property","name":"title","loc":{"start":{"line":4,"column":4},"end":{"line":4,"column":15}},"decorator":"api","value":{"type":"unresolved"}},{"type":"property","name":"name","loc":{"start":{"line":5,"column":4},"end":{"line":5,"column":14}},"decorator":"api","value":{"type":"unresolved"}},{"type":"property","name":"description","loc":{"start":{"line":6,"column":4},"end":{"line":6,"column":21}},"decorator":"api","value":{"type":"unresolved"}},{"type":"property","name":"iconName","loc":{"start":{"line":7,"column":4},"end":{"line":7,"column":18}},"decorator":"api","value":{"type":"unresolved"}},{"type":"method","name":"handleClick","loc":{"start":{"line":9,"column":4},"end":{"line":19,"column":5}}}],"exports":[{"type":"ExportDefaultDeclaration"}]},"updatedAt":"2021-09-13T15:24:40.733Z"},{"_allAttributes":null,"_properties":null,"_methods":null,"file":"c:/Users/a.f.silva/Desktop/slackSfmcButler-customApp/src/client/modules/lightningcustom/primitiveIcon/primitiveIcon.js","metadata":{"decorators":[{"type":"api","targets":[{"type":"property","name":"src","value":{"type":"unresolved"}},{"type":"property","name":"svgClass","value":{"type":"unresolved"}},{"type":"property","name":"size","value":{"type":"string","value":"medium"}},{"type":"property","name":"variant","value":{"type":"unresolved"}},{"type":"property","name":"iconName"}]},{"type":"track","targets":[{"name":"iconLibrary","type":"property"}]}],"declarationLoc":{"start":{"line":14,"column":0},"end":{"line":180,"column":1}},"classMembers":[{"type":"property","name":"src","loc":{"start":{"line":15,"column":4},"end":{"line":15,"column":13}},"decorator":"api","value":{"type":"unresolved"}},{"type":"property","name":"svgClass","loc":{"start":{"line":16,"column":4},"end":{"line":16,"column":18}},"decorator":"api","value":{"type":"unresolved"}},{"type":"property","name":"size","loc":{"start":{"line":17,"column":4},"end":{"line":17,"column":25}},"decorator":"api","value":{"type":"string","value":"medium"}},{"type":"property","name":"variant","loc":{"start":{"line":18,"column":4},"end":{"line":18,"column":17}},"decorator":"api","value":{"type":"unresolved"}},{"type":"property","name":"iconLibrary","loc":{"start":{"line":20,"column":4},"end":{"line":20,"column":30}},"decorator":"track"},{"type":"property","name":"isReady","loc":{"start":{"line":22,"column":4},"end":{"line":22,"column":20}}},{"type":"method","name":"connectedCallback","loc":{"start":{"line":24,"column":4},"end":{"line":26,"column":5}}},{"type":"property","name":"iconName","loc":{"start":{"line":28,"column":4},"end":{"line":31,"column":5}},"decorator":"api"},{"type":"property","name":"category","loc":{"start":{"line":43,"column":4},"end":{"line":49,"column":5}}},{"type":"property","name":"cacheKey","loc":{"start":{"line":51,"column":4},"end":{"line":53,"column":5}}},{"type":"method","name":"fetchIconTemplates","loc":{"start":{"line":55,"column":4},"end":{"line":65,"column":5}}},{"type":"method","name":"requestIconTemplates","loc":{"start":{"line":68,"column":4},"end":{"line":83,"column":5}}},{"type":"method","name":"renderedCallback","loc":{"start":{"line":85,"column":4},"end":{"line":91,"column":5}}},{"type":"property","name":"iconSvgTemplates","loc":{"start":{"line":93,"column":4},"end":{"line":95,"column":5}}},{"type":"method","name":"render","loc":{"start":{"line":97,"column":4},"end":{"line":114,"column":5}}},{"type":"property","name":"href","loc":{"start":{"line":116,"column":4},"end":{"line":118,"column":5}}},{"type":"property","name":"name","loc":{"start":{"line":120,"column":4},"end":{"line":122,"column":5}}},{"type":"property","name":"normalizedSize","loc":{"start":{"line":124,"column":4},"end":{"line":129,"column":5}}},{"type":"property","name":"normalizedVariant","loc":{"start":{"line":131,"column":4},"end":{"line":143,"column":5}}},{"type":"property","name":"computedClass","loc":{"start":{"line":145,"column":4},"end":{"line":179,"column":5}}}],"exports":[{"type":"ExportDefaultDeclaration"}]},"updatedAt":"2021-09-13T15:24:40.746Z"},{"_allAttributes":null,"_properties":null,"_methods":null,"file":"c:/Users/a.f.silva/Desktop/slackSfmcButler-customApp/src/client/modules/lightningcustom/tree/tree.js","metadata":{"decorators":[{"type":"api","targets":[{"type":"property","name":"header","value":{"type":"unresolved"}},{"type":"property","name":"selectOnlyLeaf","value":{"type":"boolean","value":false}},{"type":"property","name":"items"},{"type":"property","name":"selectedItem"}]},{"type":"track","targets":[{"name":"_currentFocusedItem","type":"property"},{"name":"_childNodes","type":"property"},{"name":"_key","type":"property"},{"name":"_focusedChild","type":"property"},{"name":"_items","type":"property"},{"name":"_selectedItem","type":"property"}]}],"declarationLoc":{"start":{"line":11,"column":0},"end":{"line":335,"column":1}},"classMembers":[{"type":"property","name":"header","loc":{"start":{"line":12,"column":4},"end":{"line":12,"column":16}},"decorator":"api","value":{"type":"unresolved"}},{"type":"property","name":"selectOnlyLeaf","loc":{"start":{"line":13,"column":4},"end":{"line":13,"column":32}},"decorator":"api","value":{"type":"boolean","value":false}},{"type":"property","name":"hasDetachedListeners","loc":{"start":{"line":24,"column":4},"end":{"line":24,"column":32}}},{"type":"property","name":"items","loc":{"start":{"line":42,"column":4},"end":{"line":44,"column":5}},"decorator":"api"},{"type":"property","name":"selectedItem","loc":{"start":{"line":50,"column":4},"end":{"line":52,"column":5}},"decorator":"api"},{"type":"property","name":"children","loc":{"start":{"line":59,"column":4},"end":{"line":61,"column":5}}},{"type":"property","name":"rootElement","loc":{"start":{"line":63,"column":4},"end":{"line":65,"column":5}}},{"type":"property","name":"focusedChild","loc":{"start":{"line":67,"column":4},"end":{"line":69,"column":5}}},{"type":"method","name":"syncSelected","loc":{"start":{"line":71,"column":4},"end":{"line":79,"column":5}}},{"type":"method","name":"normalizeData","loc":{"start":{"line":81,"column":4},"end":{"line":97,"column":5}}},{"type":"method","name":"syncCurrentFocused","loc":{"start":{"line":99,"column":4},"end":{"line":109,"column":5}}},{"type":"method","name":"updateCurrentFocusedChild","loc":{"start":{"line":111,"column":4},"end":{"line":122,"column":5}}},{"type":"method","name":"handleTreeFocusIn","loc":{"start":{"line":124,"column":4},"end":{"line":133,"column":5}}},{"type":"method","name":"renderedCallback","loc":{"start":{"line":135,"column":4},"end":{"line":151,"column":5}}},{"type":"method","name":"disconnectedCallback","loc":{"start":{"line":153,"column":4},"end":{"line":155,"column":5}}},{"type":"method","name":"handleClick","loc":{"start":{"line":157,"column":4},"end":{"line":174,"column":5}}},{"type":"method","name":"expandBranch","loc":{"start":{"line":176,"column":4},"end":{"line":197,"column":5}}},{"type":"method","name":"collapseBranch","loc":{"start":{"line":199,"column":4},"end":{"line":210,"column":5}}},{"type":"method","name":"dispatchSelectEvent","loc":{"start":{"line":212,"column":4},"end":{"line":231,"column":5}}},{"type":"method","name":"setFocusToItem","loc":{"start":{"line":233,"column":4},"end":{"line":257,"column":5}}},{"type":"method","name":"setFocusToNextItem","loc":{"start":{"line":259,"column":4},"end":{"line":264,"column":5}}},{"type":"method","name":"setFocusToPrevItem","loc":{"start":{"line":266,"column":4},"end":{"line":271,"column":5}}},{"type":"method","name":"setFocusToFirstItem","loc":{"start":{"line":273,"column":4},"end":{"line":278,"column":5}}},{"type":"method","name":"setFocusToLastItem","loc":{"start":{"line":280,"column":4},"end":{"line":285,"column":5}}},{"type":"method","name":"handleFocusFirst","loc":{"start":{"line":287,"column":4},"end":{"line":290,"column":5}}},{"type":"method","name":"handleFocusLast","loc":{"start":{"line":292,"column":4},"end":{"line":295,"column":5}}},{"type":"method","name":"handleFocusNext","loc":{"start":{"line":297,"column":4},"end":{"line":300,"column":5}}},{"type":"method","name":"handleFocusPrev","loc":{"start":{"line":302,"column":4},"end":{"line":305,"column":5}}},{"type":"method","name":"handleChildBranchCollapse","loc":{"start":{"line":307,"column":4},"end":{"line":310,"column":5}}},{"type":"method","name":"handleParentCollapse","loc":{"start":{"line":312,"column":4},"end":{"line":319,"column":5}}},{"type":"method","name":"handleRegistration","loc":{"start":{"line":321,"column":4},"end":{"line":330,"column":5}}},{"type":"property","name":"hasChildren","loc":{"start":{"line":332,"column":4},"end":{"line":334,"column":5}}}],"exports":[{"type":"ExportDefaultDeclaration"}]},"updatedAt":"2021-09-13T15:24:40.756Z"},{"_allAttributes":null,"_properties":null,"_methods":null,"file":"c:/Users/a.f.silva/Desktop/slackSfmcButler-customApp/src/client/modules/lightningcustom/treeItem/treeItem.js","metadata":{"decorators":[{"type":"api","targets":[{"type":"property","name":"isRoot","value":{"type":"boolean","value":false}},{"type":"property","name":"label","value":{"type":"unresolved"}},{"type":"property","name":"href","value":{"type":"unresolved"}},{"type":"property","name":"metatext","value":{"type":"unresolved"}},{"type":"property","name":"nodeRef","value":{"type":"unresolved"}},{"type":"property","name":"isExpanded","value":{"type":"unresolved"}},{"type":"property","name":"isDisabled","value":{"type":"boolean","value":false}},{"type":"property","name":"nodename","value":{"type":"unresolved"}},{"type":"property","name":"nodeKey","value":{"type":"unresolved"}},{"type":"property","name":"isLeaf","value":{"type":"unresolved"}},{"type":"property","name":"selected","value":{"type":"unresolved"}},{"type":"property","name":"selectOnlyLeaf","value":{"type":"unresolved"}},{"type":"property","name":"childItems"},{"type":"property","name":"focusedChild"}]},{"type":"track","targets":[{"name":"_children","type":"property"},{"name":"_tabindexes","type":"property"},{"name":"_selected","type":"property"}]}],"declarationLoc":{"start":{"line":18,"column":0},"end":{"line":218,"column":1}},"classMembers":[{"type":"property","name":"isRoot","loc":{"start":{"line":25,"column":4},"end":{"line":25,"column":24}},"decorator":"api","value":{"type":"boolean","value":false}},{"type":"property","name":"label","loc":{"start":{"line":26,"column":4},"end":{"line":26,"column":15}},"decorator":"api","value":{"type":"unresolved"}},{"type":"property","name":"href","loc":{"start":{"line":27,"column":4},"end":{"line":27,"column":14}},"decorator":"api","value":{"type":"unresolved"}},{"type":"property","name":"metatext","loc":{"start":{"line":28,"column":4},"end":{"line":28,"column":18}},"decorator":"api","value":{"type":"unresolved"}},{"type":"property","name":"nodeRef","loc":{"start":{"line":29,"column":4},"end":{"line":29,"column":17}},"decorator":"api","value":{"type":"unresolved"}},{"type":"property","name":"isExpanded","loc":{"start":{"line":30,"column":4},"end":{"line":30,"column":20}},"decorator":"api","value":{"type":"unresolved"}},{"type":"property","name":"isDisabled","loc":{"start":{"line":31,"column":4},"end":{"line":31,"column":28}},"decorator":"api","value":{"type":"boolean","value":false}},{"type":"property","name":"nodename","loc":{"start":{"line":32,"column":4},"end":{"line":32,"column":18}},"decorator":"api","value":{"type":"unresolved"}},{"type":"property","name":"nodeKey","loc":{"start":{"line":33,"column":4},"end":{"line":33,"column":17}},"decorator":"api","value":{"type":"unresolved"}},{"type":"property","name":"isLeaf","loc":{"start":{"line":34,"column":4},"end":{"line":34,"column":16}},"decorator":"api","value":{"type":"unresolved"}},{"type":"property","name":"selected","loc":{"start":{"line":35,"column":4},"end":{"line":35,"column":18}},"decorator":"api","value":{"type":"unresolved"}},{"type":"property","name":"selectOnlyLeaf","loc":{"start":{"line":36,"column":4},"end":{"line":36,"column":24}},"decorator":"api","value":{"type":"unresolved"}},{"type":"property","name":"childItems","loc":{"start":{"line":38,"column":4},"end":{"line":40,"column":5}},"decorator":"api"},{"type":"property","name":"focusedChild","loc":{"start":{"line":50,"column":4},"end":{"line":52,"column":5}},"decorator":"api"},{"type":"method","name":"setSelectedAttribute","loc":{"start":{"line":58,"column":4},"end":{"line":60,"column":5}}},{"type":"method","name":"connectedCallback","loc":{"start":{"line":62,"column":4},"end":{"line":74,"column":5}}},{"type":"method","name":"renderedCallback","loc":{"start":{"line":76,"column":4},"end":{"line":83,"column":5}}},{"type":"property","name":"buttonLabel","loc":{"start":{"line":85,"column":4},"end":{"line":90,"column":5}}},{"type":"property","name":"showExpanded","loc":{"start":{"line":92,"column":4},"end":{"line":97,"column":5}}},{"type":"property","name":"computedButtonClass","loc":{"start":{"line":99,"column":4},"end":{"line":105,"column":5}}},{"type":"property","name":"computedIconName","loc":{"start":{"line":107,"column":4},"end":{"line":111,"column":5}}},{"type":"property","name":"children","loc":{"start":{"line":113,"column":4},"end":{"line":121,"column":5}}},{"type":"method","name":"preventDefaultAndStopPropagation","loc":{"start":{"line":123,"column":4},"end":{"line":126,"column":5}}},{"type":"method","name":"handleClick","loc":{"start":{"line":128,"column":4},"end":{"line":154,"column":5}}},{"type":"method","name":"fireCustomEvent","loc":{"start":{"line":156,"column":4},"end":{"line":168,"column":5}}},{"type":"method","name":"handleFocus","loc":{"start":{"line":170,"column":4},"end":{"line":172,"column":5}}},{"type":"method","name":"handleBlur","loc":{"start":{"line":174,"column":4},"end":{"line":176,"column":5}}},{"type":"method","name":"getChildNum","loc":{"start":{"line":178,"column":4},"end":{"line":185,"column":5}}},{"type":"method","name":"makeChildFocusable","loc":{"start":{"line":187,"column":4},"end":{"line":200,"column":5}}},{"type":"method","name":"makeChildUnfocusable","loc":{"start":{"line":202,"column":4},"end":{"line":205,"column":5}}},{"type":"method","name":"getImmediateChildItem","loc":{"start":{"line":207,"column":4},"end":{"line":211,"column":5}}},{"type":"method","name":"getNthChildItem","loc":{"start":{"line":213,"column":4},"end":{"line":217,"column":5}}}],"exports":[{"type":"ExportDefaultDeclaration"}]},"updatedAt":"2021-09-13T15:24:40.756Z"},{"_allAttributes":null,"_properties":null,"_methods":null,"file":"c:/Users/a.f.silva/Desktop/slackSfmcButler-customApp/src/client/modules/sfmc2slack/app/app.js","metadata":{"decorators":[{"type":"track","targets":[{"name":"config","type":"property"},{"name":"isEditing","type":"property"},{"name":"isLoading","type":"property"},{"name":"isReady","type":"property"}]}],"declarationLoc":{"start":{"line":4,"column":0},"end":{"line":116,"column":1}},"classMembers":[{"type":"property","name":"config","loc":{"start":{"line":5,"column":4},"end":{"line":5,"column":23}},"decorator":"track"},{"type":"property","name":"isEditing","loc":{"start":{"line":6,"column":4},"end":{"line":6,"column":29}},"decorator":"track"},{"type":"property","name":"isLoading","loc":{"start":{"line":7,"column":4},"end":{"line":7,"column":28}},"decorator":"track"},{"type":"property","name":"isReady","loc":{"start":{"line":8,"column":4},"end":{"line":8,"column":27}},"decorator":"track"},{"type":"method","name":"onslackurlchange","loc":{"start":{"line":10,"column":4},"end":{"line":12,"column":5}}},{"type":"method","name":"ontimechange","loc":{"start":{"line":13,"column":4},"end":{"line":15,"column":5}}},{"type":"method","name":"handleSelectedBusinessUnits","loc":{"start":{"line":17,"column":4},"end":{"line":20,"column":5}}},{"type":"method","name":"handleSelectedTypes","loc":{"start":{"line":21,"column":4},"end":{"line":24,"column":5}}},{"type":"method","name":"handleForceResync","loc":{"start":{"line":26,"column":4},"end":{"line":54,"column":5}}},{"type":"method","name":"saveConfig","loc":{"start":{"line":56,"column":4},"end":{"line":80,"column":5}}},{"type":"method","name":"getConfig","loc":{"start":{"line":82,"column":4},"end":{"line":110,"column":5}}},{"type":"method","name":"connectedCallback","loc":{"start":{"line":112,"column":4},"end":{"line":115,"column":5}}}],"exports":[{"type":"ExportDefaultDeclaration"}]},"updatedAt":"2021-09-17T14:20:25.668Z"}]